{
    "Autofill Profile": [],
    "Autofill": [
        {
            "usage_timestamp": [13331821938000000],
            "name": "walletConnectInput",
            "value": "972761d1-fee6-4716-a4aa-48da4670a5dd"
},
        {
            "usage_timestamp": [
                        13334897485000000,
                        13334897710000000
            ],
            "name": "phone_number",
            "value": "81344793210"
},
        {
            "usage_timestamp": [13332835705000000],
            "name": "formly_1_qrinput_title_1",
            "value": "Foto²"
},
        {
            "usage_timestamp": [13333304218000000],
            "name": "search",
            "value": "Fiber Optic Christmas Tree"
},
        {
            "usage_timestamp": [
                        13331908137000000,
                        13331998629000000
            ],
            "name": "ctl00$ContentPlaceHolder1$txtUserName",
            "value": "Akuaja"
},
        {
            "usage_timestamp": [
                        13331947279000000,
                        13331999021000000
            ],
            "name": "ctl00$ContentPlaceHolder1$txtUserName",
            "value": "mamamia2003"
},
        {
            "usage_timestamp": [13332837041000000],
            "name": "UrlBarcode[url]",
            "value": "google.com "
},
        {
            "usage_timestamp": [13332835705000000],
            "name": "formly_1_qrinput_website_1",
            "value": "Google.com"
},
        {
            "usage_timestamp": [13331908288000000],
            "name": "ctl00$ContentPlaceHolder1$TextBox1",
            "value": "rliffairory2020@gmail.com"
},
        {
            "usage_timestamp": [13333304248000000],
            "name": "search",
            "value": "Pohon Natal"
},
        {
            "usage_timestamp": [
                        13331908316000000,
                        13331998578000000
            ],
            "name": "ctl00$ContentPlaceHolder1$TextBox1",
            "value": "rulffairory2020@gmail.com"
},
        {
            "usage_timestamp": [
                        13332748162000000,
                        13332748233000000
            ],
            "name": "ctl00$ContentPlaceHolder1$txtUserName",
            "value": "ruliff"
},
        {
            "usage_timestamp": [
                        13331904761000000,
                        13332748162000000
            ],
            "name": "ctl00$ContentPlaceHolder1$txtEmail",
            "value": "ruliffairory2020@gmail.com"
},
        {
            "usage_timestamp": [13331997909000000],
            "name": "headlessui-combobox-input-11",
            "value": "jm"
},
        {
            "usage_timestamp": [
                        13329733124000000,
                        13334897710000000
            ],
            "name": "email",
            "value": "ruliffairory2020@gmail.com"
},
        {
            "usage_timestamp": [13331904761000000],
            "name": "ctl00$ContentPlaceHolder1$txtUserName",
            "value": "Adelwin Daniel Ruliff Savero A"
},
        {
            "usage_timestamp": [13335001552000000],
            "name": "login",
            "value": "ruliffairory2020@gmail.com"
},
        {
            "usage_timestamp": [
                        13334897485000000,
                        13334897710000000
            ],
            "name": "email_confirm",
            "value": "ruliffairory2020@gmail.com"
},
        {
            "usage_timestamp": [13333304312000000],
            "name": "search",
            "value": "pohon natal Fiber Optik"
},
        {
            "usage_timestamp": [
                        13331807529000000,
                        13332748031000000
            ],
            "name": "ctl00$ContentPlaceHolder1$txtUserName",
            "value": "ruliffairory2020@gmail.com "
},
        {
            "usage_timestamp": [
                        13331797219000000,
                        13332238374000000
            ],
            "name": "accountId",
            "value": "ruliffairory2020@gmail.com "
},
        {
            "usage_timestamp": [13331904641000000],
            "name": "ctl00$ContentPlaceHolder1$txtUserName",
            "value": "Adelwin Daniel Ruliff Savero Airory"
}
    ]
}