{
    "Device Info": [
        {
            "sync_user_agent": "Chrome ANDROID-PHONE 101.0.4951.61 (3b3633b32c491b4cba5fd7df3c7c0f628547cbcc-refs/branch-heads/4951@{#1189}) channel(stable)",
            "device_type": "TYPE_PHONE",
            "chrome_version_info": {"version_number": "101.0.4951.61"},
            "signin_scoped_device_id": "d63674a0-bc46-4b16-be97-e316b5920f4d",
            "manufacturer": "vivo",
            "cache_guid": "LXS7BtXwNlXEW6p0233sMg==",
            "pulse_interval_in_minutes": 1440,
            "feature_fields": {"send_tab_to_self_receiving_enabled": true},
            "invalidation_fields": {"interested_data_type_ids": [
                        32904,
                        37702,
                        45873,
                        63951,
                        31729,
                        330441,
                        40781,
                        150251,
                        154522,
                        163425,
                        186662,
                        411028,
                        601980,
                        47745
            ]},
            "last_updated_timestamp": 1686627451216,
            "model": "V2058",
            "client_name": "V2058",
            "chrome_version": "101.0.4951.61"
},
        {
            "sync_user_agent": "Chrome ANDROID-PHONE 114.0.5735.60 (248a711470c68a7cb08a412d862438d2c48cf9e6-refs/branch-heads/5735_52@{#14}) channel(stable)",
            "device_type": "TYPE_PHONE",
            "chrome_version_info": {"version_number": "114.0.5735.60"},
            "signin_scoped_device_id": "dcd273e3-ad44-4485-9d98-2f0c9c8e1716",
            "manufacturer": "vivo",
            "cache_guid": "QzzkdxbL3pR9Bp5ijn3bxQ==",
            "device_form_factor": "DEVICE_FORM_FACTOR_PHONE",
            "pulse_interval_in_minutes": 1440,
            "feature_fields": {"send_tab_to_self_receiving_enabled": true},
            "invalidation_fields": {
                        "instance_id_token": "eMcS1kuFd3A:APA91bFiL4dxdcCZ4a0ckJ_YrZb_1Jb4WmSZXLvhoHVALGxX_XCOlzLkdFw3sBS1BFBEmEESXHm5Py71KcqIfFwgBiGCUV3-gnGov3ZnfYjvoozpIqxNzoMp38K2D_J4Z2Cc5P10SybI",
                        "interested_data_type_ids": [
                                    32904,
                                    37702,
                                    45873,
                                    63951,
                                    31729,
                                    306270,
                                    330441,
                                    774329,
                                    40781,
                                    150251,
                                    154522,
                                    163425,
                                    186662,
                                    601980,
                                    1034378,
                                    47745
                        ]
            },
            "os_type": "OS_TYPE_ANDROID",
            "last_updated_timestamp": 1686865944974,
            "model": "V2058",
            "client_name": "V2058",
            "chrome_version": "114.0.5735.60"
},
        {
            "sync_user_agent": "Chrome ANDROID-PHONE 114.0.5735.60 (248a711470c68a7cb08a412d862438d2c48cf9e6-refs/branch-heads/5735_52@{#14}) channel(stable)",
            "device_type": "TYPE_PHONE",
            "chrome_version_info": {"version_number": "114.0.5735.60"},
            "signin_scoped_device_id": "0e47c631-d5f8-40d6-b6ff-f351c133acb4",
            "manufacturer": "vivo",
            "cache_guid": "S5V8VeGLmoV4JGUjnWtRag==",
            "device_form_factor": "DEVICE_FORM_FACTOR_PHONE",
            "pulse_interval_in_minutes": 1440,
            "feature_fields": {"send_tab_to_self_receiving_enabled": true},
            "invalidation_fields": {
                        "instance_id_token": "coFGBdPbTrg:APA91bHXcsjG23lKiyC-dm87EHbYLGTu8IP06iKkXS_aIIow5Tb-s27jjy9EaMDmgqnXsMLhHocQI8-T4f8frXKQI2b-aFJ1Mh50nXRSNaIBAQ1UUL2yoQW28gwjqx4sl-UphS1nieY2",
                        "interested_data_type_ids": [
                                    32904,
                                    37702,
                                    45873,
                                    63951,
                                    31729,
                                    306270,
                                    330441,
                                    774329,
                                    40781,
                                    150251,
                                    154522,
                                    163425,
                                    186662,
                                    411028,
                                    601980,
                                    1034378,
                                    47745
                        ]
            },
            "os_type": "OS_TYPE_ANDROID",
            "last_updated_timestamp": 1687150028337,
            "model": "V2058",
            "client_name": "V2058",
            "chrome_version": "114.0.5735.60"
},
        {
            "sync_user_agent": "Chrome WIN 115.0.5790.110 (5e87dfef0c85687ea835e444d33466745cc0725f-refs/branch-heads/5790_90@{#20}) channel(stable)",
            "device_type": "TYPE_WIN",
            "chrome_version_info": {"version_number": "115.0.5790.110"},
            "signin_scoped_device_id": "c630e91d-3848-464c-8b8c-e7a229aa750b",
            "manufacturer": "LENOVO",
            "cache_guid": "YaH8QAL68nPNTy/U8DfskQ==",
            "device_form_factor": "DEVICE_FORM_FACTOR_DESKTOP",
            "pulse_interval_in_minutes": 1440,
            "feature_fields": {"send_tab_to_self_receiving_enabled": true},
            "invalidation_fields": {
                        "instance_id_token": "foFgeG1-igc:APA91bGiQL9IenUWzzeo7RD_BTrCahqTrcS_Mj9_DGQlHEU8dKY7rObxL31uzSFT1VIl8qM1rjnDlxPL2rbWmGw7IqvjdfLJ5aws7NQ47RPlmxZyH5UAv3U75WAUKMP5SnoORiMYFz9p",
                        "interested_data_type_ids": [
                                    32904,
                                    37702,
                                    45873,
                                    63951,
                                    31729,
                                    306270,
                                    330441,
                                    774329,
                                    41210,
                                    40781,
                                    48119,
                                    88610,
                                    50119,
                                    48364,
                                    103656,
                                    96159,
                                    150251,
                                    154522,
                                    163425,
                                    186662,
                                    411028,
                                    601980,
                                    673225,
                                    963985,
                                    1034378,
                                    47745
                        ]
            },
            "os_type": "OS_TYPE_WINDOWS",
            "last_updated_timestamp": 1690525883904,
            "model": "82C6",
            "client_name": "DESKTOP-6VV8PSJ",
            "chrome_version": "115.0.5790.110"
},
        {
            "sync_user_agent": "Chrome ANDROID-PHONE 101.0.4951.61 (3b3633b32c491b4cba5fd7df3c7c0f628547cbcc-refs/branch-heads/4951@{#1189}) channel(stable)",
            "device_type": "TYPE_PHONE",
            "chrome_version_info": {"version_number": "101.0.4951.61"},
            "signin_scoped_device_id": "9cdf1795-e922-486f-9f1c-ab6787598ce4",
            "manufacturer": "vivo",
            "cache_guid": "jfCz1Gk0MChc12VZbBnkQA==",
            "pulse_interval_in_minutes": 1440,
            "feature_fields": {"send_tab_to_self_receiving_enabled": true},
            "invalidation_fields": {"interested_data_type_ids": [
                        32904,
                        37702,
                        45873,
                        63951,
                        31729,
                        330441,
                        40781,
                        150251,
                        154522,
                        163425,
                        186662,
                        411028,
                        601980,
                        47745
            ]},
            "last_updated_timestamp": 1686688559345,
            "model": "V2058",
            "client_name": "V2058",
            "chrome_version": "101.0.4951.61"
},
        {
            "sync_user_agent": "Chrome ANDROID-PHONE 114.0.5735.60 (248a711470c68a7cb08a412d862438d2c48cf9e6-refs/branch-heads/5735_52@{#14}) channel(stable)",
            "device_type": "TYPE_PHONE",
            "chrome_version_info": {"version_number": "114.0.5735.60"},
            "signin_scoped_device_id": "af26f4cf-bbdf-4c84-9dd8-e06e12e2347e",
            "manufacturer": "vivo",
            "cache_guid": "Ha51CBpKDsbCEpSB3kAcHQ==",
            "device_form_factor": "DEVICE_FORM_FACTOR_PHONE",
            "pulse_interval_in_minutes": 1440,
            "feature_fields": {"send_tab_to_self_receiving_enabled": true},
            "invalidation_fields": {
                        "instance_id_token": "fyiwfHbbqSU:APA91bGTOz3CvRsgrAkUInu7YrYH5gk_JUUd77qdjZfmkDqvLGUblXEwiubVpMDPLQctWfFuBt0m2A38e0aAgJqn2ipBmPMRQyU9YogGaRRbIBNgggQdlDArleQAbjgXZgkhWRO4VJP5",
                        "interested_data_type_ids": [
                                    306270,
                                    154522,
                                    186662,
                                    601980
                        ]
            },
            "os_type": "OS_TYPE_ANDROID",
            "last_updated_timestamp": 1687276851570,
            "model": "V2058",
            "client_name": "V2058",
            "chrome_version": "114.0.5735.60"
},
        {
            "sync_user_agent": "Chrome ANDROID-PHONE 114.0.5735.60 (248a711470c68a7cb08a412d862438d2c48cf9e6-refs/branch-heads/5735_52@{#14}) channel(stable)",
            "device_type": "TYPE_PHONE",
            "chrome_version_info": {"version_number": "114.0.5735.60"},
            "signin_scoped_device_id": "a0eef209-c01b-4017-8dd0-b661c32612b7",
            "manufacturer": "vivo",
            "cache_guid": "uR4KfFmFpnxOQ0BtLDHdyQ==",
            "device_form_factor": "DEVICE_FORM_FACTOR_PHONE",
            "pulse_interval_in_minutes": 1440,
            "feature_fields": {"send_tab_to_self_receiving_enabled": true},
            "invalidation_fields": {
                        "instance_id_token": "eG2mkB-kUwo:APA91bFOH3I7HPvVDp6olI-lrBJMdltcJhHOzUtflADIl4L6GbmmB3Ma7Ge_o3BXwqtbDL4BUJMVQa7SttyCH8gSyRGvNtKKhBDkRPODlpeb_KYDZyMC3m42iLSw2Q7KQ2M3YNkKAi7w",
                        "interested_data_type_ids": [
                                    32904,
                                    37702,
                                    45873,
                                    63951,
                                    31729,
                                    306270,
                                    330441,
                                    774329,
                                    40781,
                                    150251,
                                    154522,
                                    163425,
                                    186662,
                                    411028,
                                    601980,
                                    1034378,
                                    47745
                        ]
            },
            "os_type": "OS_TYPE_ANDROID",
            "last_updated_timestamp": 1687216046116,
            "model": "V2058",
            "client_name": "V2058",
            "chrome_version": "114.0.5735.60"
},
        {
            "sync_user_agent": "Chrome ANDROID-PHONE 114.0.5735.196 (6191f52286c508cf6a0a53d6571ca1fab98e1fad-refs/branch-heads/5735@{#1392}) channel(stable)",
            "device_type": "TYPE_PHONE",
            "chrome_version_info": {"version_number": "114.0.5735.196"},
            "signin_scoped_device_id": "7c4ad419-9784-4107-b331-6639ef173f3e",
            "manufacturer": "vivo",
            "cache_guid": "mYsJLVVvhe/W0CPTtdlI1w==",
            "device_form_factor": "DEVICE_FORM_FACTOR_PHONE",
            "pulse_interval_in_minutes": 1440,
            "feature_fields": {"send_tab_to_self_receiving_enabled": true},
            "invalidation_fields": {
                        "instance_id_token": "cXD6M6Ne654:APA91bG0BqDPEp3m6FTnGGNEYR1j0gYjhfWMvnJt5z5fTkBy_ev79nZ166UpeQvodPNZsb0YuR6CfMDgWvx8AB8QW7iXixTvkQ8Kknpn7Bukl49R7_5wdVGobS6fUBLLrB4nl6R0bBsH",
                        "interested_data_type_ids": [
                                    32904,
                                    37702,
                                    45873,
                                    63951,
                                    31729,
                                    306270,
                                    330441,
                                    774329,
                                    40781,
                                    150251,
                                    154522,
                                    163425,
                                    186662,
                                    411028,
                                    601980,
                                    1034378,
                                    47745
                        ]
            },
            "os_type": "OS_TYPE_ANDROID",
            "last_updated_timestamp": 1690624220907,
            "model": "V2058",
            "client_name": "V2058",
            "chrome_version": "114.0.5735.196"
},
        {
            "sync_user_agent": "Chrome ANDROID-PHONE 115.0.5790.138 (0567db0e7dcdfee5c109c167119ac2a92b9b3e1a-refs/branch-heads/5790_85@{#9}) channel(stable)",
            "device_type": "TYPE_PHONE",
            "chrome_version_info": {"version_number": "115.0.5790.138"},
            "signin_scoped_device_id": "097e3de3-a064-44c5-a29e-0cbaee02795d",
            "manufacturer": "vivo",
            "cache_guid": "8gatBmCka/pZ1ji9V1M5fg==",
            "device_form_factor": "DEVICE_FORM_FACTOR_PHONE",
            "pulse_interval_in_minutes": 1440,
            "feature_fields": {"send_tab_to_self_receiving_enabled": true},
            "invalidation_fields": {
                        "instance_id_token": "cMhHcUlHB8I:APA91bHvyJHz4xAHalI3CzvGQiaHhm_cNvT1l02T68Qo2dMieD-aaFSGQZcwGYacSSuH7an0xUDFxZE7A6PLuN8aKLiF94nh8THf7GK6FfRVyA6Yd7DGiarLIfbyrobmaLKlt_Be78nJ",
                        "interested_data_type_ids": [
                                    32904,
                                    37702,
                                    45873,
                                    63951,
                                    31729,
                                    306270,
                                    330441,
                                    774329,
                                    40781,
                                    150251,
                                    154522,
                                    163425,
                                    186662,
                                    411028,
                                    601980,
                                    1034378,
                                    47745
                        ]
            },
            "os_type": "OS_TYPE_ANDROID",
            "last_updated_timestamp": 1690661227490,
            "model": "vivo 1906",
            "client_name": "vivo 1906",
            "chrome_version": "115.0.5790.138"
},
        {
            "sync_user_agent": "Chrome ANDROID-PHONE 114.0.5735.60 (248a711470c68a7cb08a412d862438d2c48cf9e6-refs/branch-heads/5735_52@{#14}) channel(stable)",
            "device_type": "TYPE_PHONE",
            "chrome_version_info": {"version_number": "114.0.5735.60"},
            "signin_scoped_device_id": "bd543c1a-13a8-446b-9992-0600307ef0e0",
            "manufacturer": "vivo",
            "cache_guid": "ffRLYeJ9UU9AsHYrolrkMg==",
            "device_form_factor": "DEVICE_FORM_FACTOR_PHONE",
            "pulse_interval_in_minutes": 1440,
            "feature_fields": {"send_tab_to_self_receiving_enabled": true},
            "invalidation_fields": {
                        "instance_id_token": "fqQOhStWgac:APA91bG9s1NbZWpAKLK7CMu5KIdrMHN0n70D-F2uQKyxLZJCWhVpRB2cM4YI2g_KHpEneoVeW2pbJLcmwYTtJCbh0lVI4aHaE7KSMGD1gjha8n1ZGshw5UEt3t8RyiZgVlpMITnlh3mE",
                        "interested_data_type_ids": [
                                    306270,
                                    154522,
                                    186662,
                                    601980
                        ]
            },
            "os_type": "OS_TYPE_ANDROID",
            "last_updated_timestamp": 1687144674775,
            "model": "V2058",
            "client_name": "V2058",
            "chrome_version": "114.0.5735.60"
}
    ]
}