{
    "Extensions": [
        {
            "incognito_enabled": false,
            "remote_install": false,
            "disable_reasons": 0,
            "update_url": "https://clients2.google.com/service/update2/crx",
            "id": "nkbihfbeogaeaoehlefnkodbefgpgknn",
            "version": "10.33.1",
            "enabled": true
},
        {
            "incognito_enabled": false,
            "remote_install": false,
            "disable_reasons": 1,
            "update_url": "https://clients2.google.com/service/update2/crx",
            "id": "ccjlpblmgkncnnimcmbanbnhbggdpkie",
            "version": "1.0.14",
            "enabled": false
},
        {
            "incognito_enabled": false,
            "remote_install": false,
            "disable_reasons": 1,
            "update_url": "https://clients2.google.com/service/update2/crx",
            "id": "eedlgdlajadkbbjoobobefphmfkcchfk",
            "version": "6.0.2",
            "enabled": false
},
        {
            "incognito_enabled": false,
            "remote_install": false,
            "disable_reasons": 1,
            "update_url": "https://clients2.google.com/service/update2/crx",
            "id": "fdpohaocaechififmbbbbbknoalclacl",
            "version": "7.12",
            "enabled": false
},
        {
            "remote_install": true,
            "disable_reasons": 2048,
            "update_url": "https://clients2.google.com/service/update2/crx",
            "name": "pdhejmgmdnllbiioepjcclmjichnfdaf",
            "id": "pdhejmgmdnllbiioepjcclmjichnfdaf",
            "version": "0",
            "enabled": false
},
        {
            "incognito_enabled": false,
            "remote_install": false,
            "disable_reasons": 0,
            "update_url": "https://clients2.google.com/service/update2/crx",
            "id": "kkilomkmpmkbdnfelcpgckmpcaemjcdh",
            "version": "0.1.1",
            "enabled": true
},
        {
            "incognito_enabled": false,
            "remote_install": false,
            "disable_reasons": 1,
            "update_url": "https://clients2.google.com/service/update2/crx",
            "id": "jghecgabfgfdldnmbfkhmffcabddioke",
            "version": "1.13.2",
            "enabled": false
},
        {
            "incognito_enabled": false,
            "remote_install": false,
            "disable_reasons": 1,
            "update_url": "https://clients2.google.com/service/update2/crx",
            "id": "fiphekinhfebkgjfmnpdjaopccohobgl",
            "version": "4.1.1",
            "enabled": false
},
        {
            "incognito_enabled": false,
            "remote_install": false,
            "disable_reasons": 1,
            "update_url": "https://clients2.google.com/service/update2/crx",
            "id": "aapbdbdomjkkjkaonfhkkikfgjllcleb",
            "version": "2.0.13",
            "enabled": false
}
    ],
    "Extension Settings": []
}