{
    "Typed Url": [
        {
            "visits": [
                        13332834566942452,
                        13332834570649807,
                        13332835240027136,
                        13332842089299425
            ],
            "hidden": false,
            "title": "Google",
            "visit_transitions": [
                        -1577058303,
                        805306368,
                        855638017,
                        -1577058303
            ],
            "url": "https://www.google.com/"
},
        {
            "visits": [
                        13332239536213597,
                        13332239537266540,
                        13332239537270317,
                        13332267968350291
            ],
            "hidden": false,
            "title": "Home - JumpTask",
            "visit_transitions": [
                        805306368,
                        805306368,
                        805306368,
                        838860801
            ],
            "url": "https://jumptask.io/"
},
        {
            "visits": [13332834818719297],
            "hidden": false,
            "title": "Kotak Masuk (126) - ruliffairory2020@gmail.com - Gmail",
            "visit_transitions": [-2113929215],
            "url": "https://mail.google.com/mail/u/0/"
},
        {
            "visits": [
                        13332166735024187,
                        13332168048865219,
                        13332295495241320,
                        13332295899160806
            ],
            "hidden": false,
            "title": "Passive Income - Effortlessly | Honeygain",
            "visit_transitions": [
                        805306368,
                        -1577058303,
                        -1577058303,
                        -1577058303
            ],
            "url": "https://www.honeygain.com/"
},
        {
            "visits": [
                        13332834566942452,
                        13332842089299425
            ],
            "hidden": false,
            "title": "Google",
            "visit_transitions": [
                        301989889,
                        301989889
            ],
            "url": "https://google.com/"
},
        {
            "visits": [
                        13332845176485204,
                        13332845179560855,
                        13332907540312810,
                        13332907542633945,
                        13332907893252086
            ],
            "hidden": false,
            "title": "QR TIGER - Free QR Code Generator with Logo",
            "visit_transitions": [
                        838860801,
                        805306368,
                        805306370,
                        805306368,
                        805306368
            ],
            "url": "https://www.qrcode-tiger.com/"
},
        {
            "visits": [13332834818719297],
            "hidden": false,
            "title": "Kotak Masuk (126) - ruliffairory2020@gmail.com - Gmail",
            "visit_transitions": [301989889],
            "url": "https://gmail.com/"
},
        {
            "visits": [13333108093491855],
            "hidden": false,
            "title": "Worcester Telegram : Local News, Politics & Sports in Worcester, MA",
            "visit_transitions": [-1577058303],
            "url": "https://www.telegram.com/"
},
        {
            "visits": [13333108093491855],
            "hidden": false,
            "title": "Worcester Telegram : Local News, Politics & Sports in Worcester, MA",
            "visit_transitions": [301989889],
            "url": "https://telegram.com/"
},
        {
            "visits": [
                        13332168048865219,
                        13332295495241320,
                        13332295899160806
            ],
            "hidden": false,
            "title": "Passive Income - Effortlessly | Honeygain",
            "visit_transitions": [
                        301989889,
                        301989889,
                        301989889
            ],
            "url": "https://honeygain.com/"
}
    ]
}