{
    "Search Engines": [
        {
            "suggestions_url": "{google:baseSuggestURL}search?{google:searchFieldtrialParameter}client={google:suggestClient}&gs_ri={google:suggestRid}&xssi=t&q={searchTerms}&{google:inputType}{google:omniboxFocusType}{google:cursorPosition}{google:currentPageUrl}{google:pageClassification}{google:clientCacheTimeToLive}{google:searchVersion}{google:sessionToken}{google:prefetchQuery}sugkey={google:suggestAPIKeyParameter}",
            "image_url_post_params": "encoded_image={google:imageThumbnail},image_url={google:imageURL},sbisrc={google:imageSearchSource},original_width={google:imageOriginalWidth},original_height={google:imageOriginalHeight},processed_image_dimensions={google:processedImageDimensions}",
            "favicon_url": "https://www.google.com/favicon.ico",
            "safe_for_autoreplace": true,
            "is_active": "ACTIVE_STATUS_UNSPECIFIED",
            "date_created": 0,
            "image_url": "{google:baseSearchByImageURL}upload",
            "starter_pack_id": 0,
            "url": "{google:baseURL}search?q={searchTerms}&{google:RLZ}{google:originalQueryForSuggestion}{google:assistedQueryStats}{google:searchFieldtrialParameter}{google:iOSSearchLanguage}{google:prefetchSource}{google:searchClient}{google:sourceId}{google:contextualSearchVersion}ie={inputEncoding}",
            "new_tab_url": "",
            "originating_url": "",
            "sync_guid": "4ccd757f-8653-43de-8550-739e35864d98",
            "short_name": "Google",
            "keyword": "google.com",
            "input_encodings": "UTF-8",
            "alternate_urls": [
                        "{google:baseURL}#q={searchTerms}",
                        "{google:baseURL}search#q={searchTerms}",
                        "{google:baseURL}webhp#q={searchTerms}",
                        "{google:baseURL}s#q={searchTerms}",
                        "{google:baseURL}s?q={searchTerms}"
            ],
            "prepopulate_id": 1,
            "last_modified": 13330066030665325
},
        {
            "suggestions_url": "",
            "favicon_url": "https://haumanarata.files.wordpress.com/2020/12/wp-1609172452067.jpg?w=16",
            "safe_for_autoreplace": true,
            "is_active": "ACTIVE_STATUS_UNSPECIFIED",
            "date_created": 13334732773567759,
            "starter_pack_id": 0,
            "url": "https://haumanarata.wordpress.com/?s={searchTerms}",
            "new_tab_url": "",
            "originating_url": "https://haumanarata.wordpress.com/osd.xml",
            "sync_guid": "2d688e58-0c41-483e-a7d7-ea5371315f34",
            "short_name": "HAUMA NA RATA",
            "keyword": "haumanarata.wordpress.com",
            "input_encodings": "UTF-8",
            "prepopulate_id": 0,
            "last_modified": 13334732773567759
},
        {
            "suggestions_url": "",
            "favicon_url": "https://www.youtube.com/s/desktop/0e9d1cf9/img/favicon_32x32.png",
            "safe_for_autoreplace": true,
            "is_active": "ACTIVE_STATUS_UNSPECIFIED",
            "date_created": 13332167155920085,
            "starter_pack_id": 0,
            "url": "https://www.youtube.com/results?search_query={searchTerms}&page={startPage?}&utm_source=opensearch",
            "new_tab_url": "",
            "originating_url": "https://www.youtube.com/opensearch?locale=id_ID",
            "sync_guid": "d203e5b3-fb3d-4235-b6f9-536e003f122c",
            "short_name": "YouTube",
            "keyword": "youtube.com",
            "input_encodings": "",
            "prepopulate_id": 0,
            "last_modified": 13332167155920085
},
        {
            "suggestions_url": "https://duckduckgo.com/ac/?q={searchTerms}&type=list",
            "favicon_url": "https://duckduckgo.com/favicon.ico",
            "safe_for_autoreplace": true,
            "is_active": "ACTIVE_STATUS_UNSPECIFIED",
            "date_created": 0,
            "starter_pack_id": 0,
            "url": "https://duckduckgo.com/?q={searchTerms}",
            "new_tab_url": "https://duckduckgo.com/chrome_newtab",
            "originating_url": "",
            "sync_guid": "485bf7d3-0215-45af-87dc-538868000092",
            "short_name": "DuckDuckGo",
            "keyword": "duckduckgo.com",
            "input_encodings": "UTF-8",
            "prepopulate_id": 92,
            "last_modified": 13330066030665345
},
        {
            "suggestions_url": "https://us.search.yahoo.com/sugg/gossip/gossip-us-partner?output=fxjson&appid=mca&source=yahoo_mcafee_searchassist&command={searchTerms}",
            "favicon_url": "https://search.yahoo.com/favicon.ico",
            "safe_for_autoreplace": false,
            "is_active": "ACTIVE_STATUS_UNSPECIFIED",
            "date_created": 13330006273799509,
            "starter_pack_id": 0,
            "url": "https://search.yahoo.com/search?fr=mcafee&type=E210US91215G0&p={searchTerms}",
            "new_tab_url": "",
            "originating_url": "",
            "sync_guid": "F59B2EC8-1D34-435D-B539-435BA415D1B6",
            "short_name": "Secure Search",
            "keyword": "mcafee",
            "input_encodings": "",
            "prepopulate_id": 1001,
            "last_modified": 13330006273799510
},
        {
            "suggestions_url": "",
            "favicon_url": "https://github.com/favicon.ico",
            "safe_for_autoreplace": true,
            "is_active": "ACTIVE_STATUS_UNSPECIFIED",
            "date_created": 13334999558744786,
            "starter_pack_id": 0,
            "url": "https://github.com/search?q={searchTerms}&ref=opensearch",
            "new_tab_url": "",
            "originating_url": "https://github.com/opensearch.xml",
            "sync_guid": "ea23370e-d30f-445d-8aac-df592e42cb3d",
            "short_name": "GitHub",
            "keyword": "github.com",
            "input_encodings": "UTF-8",
            "prepopulate_id": 0,
            "last_modified": 13334999558744786
},
        {
            "suggestions_url": "https://www.bing.com/osjson.aspx?query={searchTerms}&language={language}&PC=U316",
            "image_url_post_params": "imageBin={google:imageThumbnailBase64}",
            "favicon_url": "https://www.bing.com/sa/simg/bing_p_rr_teal_min.ico",
            "safe_for_autoreplace": true,
            "is_active": "ACTIVE_STATUS_UNSPECIFIED",
            "date_created": 0,
            "image_url": "https://www.bing.com/images/detail/search?iss=sbiupload&FORM=CHROMI#enterInsights",
            "starter_pack_id": 0,
            "url": "https://www.bing.com/search?q={searchTerms}&PC=U316&FORM=CHROMN",
            "new_tab_url": "https://www.bing.com/chrome/newtab",
            "originating_url": "",
            "sync_guid": "323313c6-a306-408f-a9cb-4783c6b7637b",
            "short_name": "Bing",
            "keyword": "bing.com",
            "input_encodings": "UTF-8",
            "prepopulate_id": 3,
            "last_modified": 13330066030665333
},
        {
            "suggestions_url": "",
            "favicon_url": "",
            "safe_for_autoreplace": true,
            "is_active": "ACTIVE_STATUS_TRUE",
            "date_created": 13327024230931637,
            "starter_pack_id": 2,
            "url": "chrome://history/?q={searchTerms}",
            "new_tab_url": "",
            "originating_url": "",
            "sync_guid": "ec205736-edd7-4022-a9a3-b431fc000002",
            "short_name": "History",
            "keyword": "@history",
            "input_encodings": "",
            "prepopulate_id": 0,
            "last_modified": 13329277025982212
},
        {
            "suggestions_url": "",
            "favicon_url": "",
            "safe_for_autoreplace": true,
            "is_active": "ACTIVE_STATUS_TRUE",
            "date_created": 13327024230931623,
            "starter_pack_id": 1,
            "url": "chrome://bookmarks/?q={searchTerms}",
            "new_tab_url": "",
            "originating_url": "",
            "sync_guid": "ec205736-edd7-4022-a9a3-b431fc000001",
            "short_name": "Bookmarks",
            "keyword": "@bookmarks",
            "input_encodings": "",
            "prepopulate_id": 0,
            "last_modified": 13329277025982210
},
        {
            "suggestions_url": "https://suggest.yandex.com/suggest-ff.cgi?part={searchTerms}&{google:cursorPosition}&uil=en&v=3&sn=5",
            "image_url_post_params": "upfile={google:imageThumbnail},original_width={google:imageOriginalWidth},original_height={google:imageOriginalHeight},prg=1",
            "favicon_url": "https://yastatic.net/lego/_/rBTjd6UOPk5913OSn5ZQVYMTQWQ.ico",
            "safe_for_autoreplace": true,
            "is_active": "ACTIVE_STATUS_UNSPECIFIED",
            "date_created": 0,
            "image_url": "https://yandex.com/images/search?rpt=imageview",
            "starter_pack_id": 0,
            "url": "https://yandex.com/search/?text={searchTerms}&from=os&clid=1836588",
            "new_tab_url": "",
            "originating_url": "",
            "sync_guid": "485bf7d3-0215-45af-87dc-538868000015",
            "short_name": "Yandex",
            "keyword": "yandex.com",
            "input_encodings": "UTF-8",
            "prepopulate_id": 15,
            "last_modified": 13330066030665346
},
        {
            "suggestions_url": "https://id.search.yahoo.com/sugg/chrome?output=fxjson&appid=crmas&command={searchTerms}",
            "favicon_url": "https://id.search.yahoo.com/favicon.ico",
            "safe_for_autoreplace": true,
            "is_active": "ACTIVE_STATUS_UNSPECIFIED",
            "date_created": 0,
            "starter_pack_id": 0,
            "url": "https://id.search.yahoo.com/search{google:pathWildcard}?ei={inputEncoding}&fr=crmas&p={searchTerms}",
            "new_tab_url": "",
            "originating_url": "",
            "sync_guid": "43352fac-2488-4b49-b907-7f618406c4dc",
            "short_name": "Yahoo! Indonesia",
            "keyword": "id.yahoo.com",
            "input_encodings": "UTF-8",
            "prepopulate_id": 2,
            "last_modified": 13330066030665340
},
        {
            "suggestions_url": "",
            "favicon_url": "",
            "safe_for_autoreplace": true,
            "is_active": "ACTIVE_STATUS_TRUE",
            "date_created": 13327024230931643,
            "starter_pack_id": 3,
            "url": "chrome://tabs/?q={searchTerms}",
            "new_tab_url": "",
            "originating_url": "",
            "sync_guid": "ec205736-edd7-4022-a9a3-b431fc000003",
            "short_name": "Tabs",
            "keyword": "@tabs",
            "input_encodings": "",
            "prepopulate_id": 0,
            "last_modified": 13329277025982213
}
    ]
}