{
    "Apps": [
        {
            "app_launch_ordinal": "w",
            "extension": {
                        "incognito_enabled": false,
                        "remote_install": false,
                        "disable_reasons": 0,
                        "update_url": "https://clients2.google.com/service/update2/crx",
                        "id": "dnkbipkjnfhihjhejknaodododdbgkmp",
                        "version": "0.0.0.6",
                        "enabled": true
            },
            "page_ordinal": "n"
},
        {"extension": {
            "remote_install": true,
            "disable_reasons": 2048,
            "update_url": "https://clients2.google.com/service/update2/crx",
            "name": "blpcfgokakmgnkcojhhkbfbldkacnbeo",
            "id": "blpcfgokakmgnkcojhhkbfbldkacnbeo",
            "version": "0",
            "enabled": false
}},
        {
            "app_launch_ordinal": "t",
            "extension": {
                        "incognito_enabled": true,
                        "remote_install": false,
                        "disable_reasons": 0,
                        "update_url": "",
                        "id": "ahfgeienlihckogmohjhadlkjgocpleb",
                        "version": "0.2",
                        "enabled": true
            },
            "page_ordinal": "n"
}
    ],
    "App Settings": [],
    "Preferences": [
        {
            "name": "intl.accept_languages",
            "value": "\"en-US,en,id\""
},
        {
            "name": "translate_force_trigger_on_english_count_for_backoff_1",
            "value": "-1"
},
        {
            "name": "accessibility.captions.live_caption_enabled",
            "value": "false"
},
        {
            "name": "translate_blocked_languages",
            "value": "[\"id\",\"en\"]"
},
        {
            "name": "extensions.toolbar",
            "value": "[\"abikfbojmghmfjdjlbagiamkinbmbaic\",\"jgbgcmhkbphbhbfeeighjmiaoonppcpl\"]"
},
        {
            "name": "browser.clear_data.form_data",
            "value": "true"
},
        {
            "name": "alternate_error_pages.enabled",
            "value": "true"
},
        {
            "name": "extensions.commands",
            "value": "{\"windows:Alt+Shift+M\":{\"command_name\":\"_execute_browser_action\",\"extension\":\"nkbihfbeogaeaoehlefnkodbefgpgknn\",\"global\":false},\"windows:Alt+Shift+P\":{\"command_name\":\"_execute_browser_action\",\"extension\":\"fdpohaocaechififmbbbbbknoalclacl\",\"global\":false}}"
},
        {
            "name": "profile.content_settings.exceptions.automatic_downloads",
            "value": "{}"
},
        {
            "name": "profile.content_settings.exceptions.flash_data",
            "value": "{}"
},
        {
            "name": "sync.demographics_birth_year_offset",
            "value": "-2"
},
        {
            "name": "settings.a11y.apply_page_colors_only_on_increased_contrast",
            "value": "true"
},
        {
            "name": "browser.enable_spellchecking",
            "value": "false"
},
        {
            "name": "intl.selected_languages",
            "value": "\"en-US,en,id\""
},
        {
            "name": "browser.clear_data.time_period",
            "value": "4"
},
        {
            "name": "profile.content_settings.exceptions.window_placement",
            "value": "{}"
},
        {
            "name": "translate_auto_never_count",
            "value": "{\"en\":1}"
},
        {
            "name": "profile.content_settings.exceptions.storage_access",
            "value": "{}"
},
        {
            "name": "profile.cookie_controls_mode",
            "value": "0"
},
        {
            "name": "profile.content_settings.exceptions.local_fonts",
            "value": "{}"
},
        {
            "name": "sharing.vapid_key",
            "value": "{\"vapid_creation_timestamp\":\"13237331439122183\",\"vapid_private_key\":\"MIGHAgEAMBMGByqGSM49AgEGCCqGSM49AwEHBG0wawIBAQQgUCdAm5+CuJpC7lqA40l3Z0C1HTrzOx3V3tnOcY+Ue6WhRANCAAS51s0HU+t3Mef58zJDeT4D+q5aa/k64RjfkaPc9H4b+9JpPwjWhk5NLWNAgQ/43WIQF+eItdD5qwotUQ0kOOJ/\"}"
},
        {
            "name": "translate_too_often_denied_for_language",
            "value": "{\"en\":true}"
},
        {
            "name": "translate_ignored_count_for_language",
            "value": "{\"id\":1}"
},
        {
            "name": "translate_accepted_count",
            "value": "{\"de\":0,\"en\":0,\"fr\":0}"
},
        {
            "name": "default_search_provider.synced_guid",
            "value": "\"F59B2EC8-1D34-435D-B539-435BA415D1B6\""
},
        {
            "name": "profile.content_settings.exceptions.font_access",
            "value": "{}"
},
        {
            "name": "safebrowsing.enabled",
            "value": "true"
},
        {
            "name": "custom_links.initialized",
            "value": "true"
},
        {
            "name": "profile.content_settings.exceptions.cookies",
            "value": "{}"
},
        {
            "name": "profile.content_settings.exceptions.anti_abuse",
            "value": "{}"
},
        {
            "name": "profile.content_settings.exceptions.images",
            "value": "{}"
},
        {
            "name": "search.contextual_search_fully_opted_in",
            "value": "true"
},
        {
            "name": "suppress_download_bubble_iph",
            "value": "true"
},
        {
            "name": "translate_allowlists",
            "value": "{}"
},
        {
            "name": "custom_links.list",
            "value": "[]"
},
        {
            "name": "browser.clear_data.passwords",
            "value": "true"
},
        {
            "name": "browser.clear_data.time_period_basic",
            "value": "4"
},
        {
            "name": "download.prompt_for_download_android",
            "value": "2"
},
        {
            "name": "browser.clear_data.download_history",
            "value": "true"
},
        {
            "name": "translate_site_blacklist_with_time",
            "value": "{}"
},
        {
            "name": "extensions.ui.developer_mode",
            "value": "false"
},
        {
            "name": "bookmark_bar.show_on_all_tabs",
            "value": "true"
},
        {
            "name": "profile.content_settings.exceptions.get_display_media_set_select_all_screens",
            "value": "{}"
},
        {
            "name": "translate_site_blacklist",
            "value": "[]"
},
        {
            "name": "browser.clear_data.hosted_apps_data",
            "value": "true"
},
        {
            "name": "translate_site_blocklist_with_time",
            "value": "{}"
},
        {
            "name": "translate_denied_count_for_language",
            "value": "{\"de\":1,\"en\":1,\"fr\":1}"
},
        {
            "name": "search.contextual_search_enabled",
            "value": "\"true\""
},
        {
            "name": "https_only_mode_enabled",
            "value": "true"
},
        {
            "name": "profile.content_settings.exceptions.popups",
            "value": "{}"
},
        {
            "name": "sharing.synced_devices",
            "value": "{\"8gatBmCka/pZ1ji9V1M5fg==\":{\"device_auth_secret\":\"vaMEd5Rst/qqP0ksjvSoGg==\",\"device_capabilities\":3,\"device_fcm_token\":\"cPeHX2lYITg:APA91bHK7x-Blu0YNZWEW-Q5mlWHJw-fmYVM70xmawddict88ahJ7-xRZLpl2E0EytEjI4Ufkw_uOmqHbrKdM4Covyr_ReHFOD6_sP0WsSXS25PpUXJUo3tFUq6z2kSaNCJnatnobHjw\",\"device_p256dh\":\"BBEDSHzuhwxexSxwdViYCWo0cj83vSK1MqNStv8Rs4jYR1799LoC1MkV4y63lNu5el6XScDKciAe+ghAw47q98w=\"},\"Mv3C2GXraUZN8S495WDUrw==\":{\"device_auth_secret\":\"x7iBMpm5vcV/3kT/1pe6Uw==\",\"device_capabilities\":2,\"device_fcm_token\":\"etyt4mZR4lw:APA91bHrdvX2-0SpIWJ1YXirNQuTHR7rJ3679W98IK30azBCDPzKaxivlu_-tuDhU7FqMOz0cj8HxTS8XOtFux6E99ct0qu3GRWexcaLR6ZuyUTrcTRgb2N5r18sq-Bfqg1wLNtihJMY\",\"device_p256dh\":\"BOp+lOn1a3eKY+kjNfqauDiU3Vcaq3ZczKthgtlv8Xwbmy7gVh4U4e7XpU0cw88xXZlTTSHXTawepkiUMWHQBpc=\"}}"
},
        {
            "name": "ntp.app_page_names",
            "value": "[\"Apps\"]"
},
        {
            "name": "browser.clear_data.site_settings",
            "value": "true"
},
        {
            "name": "hats.survey_metadata",
            "value": "{\"whats-new\":{\"last_survey_check_time\":\"13314614418420618\"}}"
},
        {
            "name": "extensions.pinned_extensions",
            "value": "[\"fiphekinhfebkgjfmnpdjaopccohobgl\",\"ccjlpblmgkncnnimcmbanbnhbggdpkie\",\"aapbdbdomjkkjkaonfhkkikfgjllcleb\",\"jghecgabfgfdldnmbfkhmffcabddioke\",\"nkbihfbeogaeaoehlefnkodbefgpgknn\",\"kkilomkmpmkbdnfelcpgckmpcaemjcdh\"]"
},
        {
            "name": "profile.content_settings.exceptions.javascript",
            "value": "{}"
}
    ],
    "Priority Preferences": [
        {"preference": {
            "name": "credentials_last_password_checkup_time",
            "value": "2023-03-22T10:30:31.328286Z"
}},
        {"preference": {
            "name": "credentials_password_manager_warm_welcome_last_seen",
            "value": "2022-03-11T06:33:45.965765376Z"
}},
        {"preference": {
            "name": "sync.demographics",
            "value": "{\"gender\":1,\"birth_year\":2003}"
}},
        {"preference": {
            "name": "credentials_need_first_time_welcome",
            "value": "false"
}},
        {"preference": {
            "name": "credentials_enable_sync",
            "value": "true"
}},
        {"preference": {
            "name": "safebrowsing.aesb_update_time_windows_epoch_micros",
            "value": "\"13326774184207888\""
}},
        {"preference": {
            "name": "profile.credentials_last_password_checkup_time",
            "value": "\"13326772667829375\""
}}
    ],
    "Themes": [
        {
            "use_system_theme_by_default": false,
            "use_custom_theme": false
}
    ],
    "Web Apps": [
        {
            "relative_manifest_id": "chat/",
            "theme_color": -1512723,
            "icon_infos": [
                        {
                                    "purpose": "ANY",
                                    "url": "https://ssl.gstatic.com/dynamite/images/favicons_202011171613/chat-favicon-no-new-16dp.png",
                                    "size_in_px": 16
                        },
                        {
                                    "purpose": "ANY",
                                    "url": "https://ssl.gstatic.com/dynamite/images/favicons_202011171613/chat-favicon-no-new-24dp.png",
                                    "size_in_px": 24
                        },
                        {
                                    "purpose": "ANY",
                                    "url": "https://ssl.gstatic.com/dynamite/images/favicons_202011171613/chat-favicon-no-new-32dp.png",
                                    "size_in_px": 32
                        },
                        {
                                    "purpose": "ANY",
                                    "url": "https://ssl.gstatic.com/dynamite/images/favicons_202011171613/chat-favicon-no-new-48dp.png",
                                    "size_in_px": 48
                        },
                        {
                                    "purpose": "ANY",
                                    "url": "https://ssl.gstatic.com/dynamite/images/favicons_202011171613/chat-favicon-no-new-64dp.png",
                                    "size_in_px": 64
                        },
                        {
                                    "purpose": "ANY",
                                    "url": "https://ssl.gstatic.com/dynamite/images/favicons_202011171613/chat-favicon-no-new-256dp.png",
                                    "size_in_px": 256
                        }
            ],
            "user_display_mode": "STANDALONE",
            "scope": "https://mail.google.com/chat/",
            "start_url": "https://mail.google.com/chat/",
            "name": "Google Chat"
}
    ]
}